question,query,answer_llm_mixtral7b,retrieve_data_llm_mixtral7b,BLEU_score_llm_mixtral7b,SQ_score_llm_mixtral7b
What are all the viruses mentioned in the dataset?,MATCH (v:Virus) RETURN v.name,MATCH (v:Virus)RETURN v.name,1.0,1.0,0
Which symptoms are caused by the virus Mpox?,MATCH (v:Virus {name: 'Mpox'})-[:CAUSES]->(s:Symptom) RETURN s.name,MATCH (v:Virus)-[:CAUSES]->(s:Symptom)WHERE v.name = 'Mpox'RETURN s.name,1.0,0.6413865258981679,0
What locations are affected by Mpox?,"MATCH (v:Virus {name: 'Mpox'})-[:AFFECTS]->(l:Location) RETURN l.name, l.country","MATCH (v:Virus)-[:AFFECTS]->(l:Location)WHERE v.name = 'Mpox'RETURN l.name, l.country",1.0,0.6927198915629021,0
What transmission methods are related to Mpox?,MATCH (v:Virus {name: 'Mpox'})-[:SPREADS_BY]->(t:Transmission) RETURN t.method,MATCH (v:Virus)-[:SPREADS_BY]->(t:Transmission) WHERE v.name = 'Mpox' RETURN t.method,1.0,0.688064006088096,0
Which organizations are involved in Mpox?,MATCH (v:Virus {name: 'Mpox'})<-[:INVOLVED_IN]-(o:Organization) RETURN o.name,MATCH (o:Organization)-[:INVOLVED_IN]->(v:Virus)WHERE v.name = 'Mpox'RETURN o.name,1.0,0.5065691202419945,0
What are all the symptoms in the dataset?,MATCH (s:Symptom) RETURN s.name,MATCH (s:Symptom) RETURN s.name,1.0,1.0,1
Which viruses cause the symptom 'Fever'?,MATCH (s:Symptom {name: 'Fever'})<-[:CAUSES]-(v:Virus) RETURN v.name,MATCH (v:Virus)-[:CAUSES]->(s:Symptom)WHERE s.name = 'Fever'RETURN v.name,1.0,0.46024953713619404,0
Which articles mention the symptom 'Rash'?,MATCH (a:Article)-[:MENTIONS_SYMPTOM]->(s:Symptom {name: 'Rash'}) RETURN a.url,"MATCH (a:Article)-[:MENTIONS_SYMPTOM]->(s:Symptom)WHERE s.name = 'Rash'RETURN a.url, a.label, a.abstract",1.0,0.5434325336242928,0
How many viruses cause each symptom?,"MATCH (v:Virus)-[:CAUSES]->(s:Symptom) RETURN s.name, count(v) AS virus_count",The query does not generate!,0.0,0.0,0
What are all the locations in the dataset?,"MATCH (l:Location) RETURN l.name, l.country","MATCH (l:Location)RETURN l.name AS location, l.country AS country",1.0,0.6540585844910979,0
Which viruses affect Mexico?,MATCH (l:Location {name: 'Mexico'})<-[:AFFECTS]-(v:Virus) RETURN v.name,MATCH (v:Virus)-[:AFFECTS]->(l:Location)WHERE l.name = 'Mexico'RETURN v.name,1.0,0.46024953713619404,0
Which articles mention Mexico?,MATCH (a:Article)-[:MENTIONS_LOCATION]->(l:Location {name: 'Mexico'}) RETURN a.url,,0.0,0.0,0
What locations are affected by more than one virus?,"MATCH (v:Virus)-[:AFFECTS]->(l:Location) WITH l, COUNT(v) AS virus_count WHERE virus_count > 1 RETURN l.name, virus_count","MATCH (virus:Virus)-[:AFFECTS]->(location:Location)<-[:AFFECTS]-(otherVirus:Virus)WHERE virus <> otherVirusRETURN DISTINCT location.name AS location, count(DISTINCT virus) AS numberOfVirusesORDER BY numberOfViruses DESC",1.0,0.2725254712039811,0
What are all the transmission methods in the dataset?,MATCH (t:Transmission) RETURN t.method,MATCH (t:Transmission)<-[:SPREADS_BY]-(:Virus)RETURN t.method AS transmission_methods,1.0,0.2940732679857099,0
Which viruses are spread by 'Airborne Transmission'?,MATCH (v:Virus)-[:SPREADS_BY]->(t:Transmission {method: 'Airborne Transmission'}) RETURN v.name,MATCH (v:Virus)-[:SPREADS_BY]->(t:Transmission)WHERE t.name = 'Airborne Transmission'RETURN v.name,0.0,0.6770927588218635,0
Which articles mention 'Direct Contact' as a transmission method?,MATCH (a:Article)-[:MENTIONS_TRANSMISSION]->(t:Transmission {method: 'Direct Contact'}) RETURN a.url,"MATCH (a:Article)-[:MENTIONS_TRANSMISSION]->(t:Transmission)WHERE t.method = 'Direct Contact'RETURN a.url, a.label, t.method",0.0,0.5339513102749062,0
How many viruses are transmitted by each method?,"MATCH (v:Virus)-[:SPREADS_BY]->(t:Transmission) RETURN t.method, count(v) AS virus_count","MATCH (t:Transmission)<-[:SPREADS_BY]-(:Virus)RETURN t.method, count(*)ORDER BY count(*) DESC",1.0,0.5425232465761056,0
What are all the organizations involved in viruses?,MATCH (o:Organization) RETURN o.name,,0.0,0.0,0
Which organizations are involved in the virus Mpox?,MATCH (o:Organization)-[:INVOLVED_IN]->(v:Virus {name: 'Mpox'}) RETURN o.name,MATCH (o:Organization)-[:INVOLVED_IN]->(v:Virus)WHERE v.name = 'Mpox'RETURN o.name,1.0,0.7017544025847106,0
Which articles are published by the organization 'WHO'?,MATCH (a:Article)-[:PUBLISHED_BY]->(o:Organization {name: 'WHO'}) RETURN a.url,The query does not generate!,0.0,0.0,0
What are all the articles in the dataset?,"MATCH (a:Article) RETURN a.url, a.abstract, a.label",The query does not generate!,0.0,0.0,0
Which articles are labeled as true?,"MATCH (a:Article {label: 'True'}) RETURN a.url, a.abstract",,0.0,0.0,0
Which articles are labeled as fake?,"MATCH (a:Article {label: 'Fake'}) RETURN a.url, a.abstract",,0.0,0.0,0
Which virus is mentioned in the article with the URL 'example.com'?,MATCH (a:Article {url: 'example.com'})-[:ABOUT_VIRUS]->(v:Virus) RETURN v.name,MATCH (a:Article)-[:ABOUT_VIRUS]->(v:Virus)WHERE a.url = 'example.com'RETURN v.name,0.0,0.6440693842110241,0
Which symptoms are mentioned in the article with the URL 'example.com'?,MATCH (a:Article {url: 'example.com'})-[:MENTIONS_SYMPTOM]->(s:Symptom) RETURN s.name,MATCH (a:Article)-[:MENTIONS_SYMPTOM]->(s:Symptom)WHERE a.url = 'example.com'RETURN s.name,0.0,0.6440693842110241,0
What are the symptoms caused by Mpox in Mexico?,MATCH (v:Virus {name: 'Mpox'})-[:CAUSES]->(s:Symptom)<-[:MENTIONS_SYMPTOM]-(a:Article)-[:MENTIONS_LOCATION]->(l:Location {name: 'Mexico'}) RETURN s.name,"MATCH (v:Virus)-[:CAUSES]->(s:Symptom), (v)-[:AFFECTS]->(l:Location)WHERE v.name = 'Mpox' AND l.country = 'Mexico'RETURN s.name",0.0,0.41311078714245086,0
Which transmission methods are mentioned in articles about Mpox in Mexico?,MATCH (a:Article)-[:ABOUT_VIRUS]->(v:Virus {name: 'Mpox'})-[:SPREADS_BY]->(t:Transmission) WHERE (a)-[:MENTIONS_LOCATION]->(l:Location {name: 'Mexico'}) RETURN t.method,MATCH (a:Article)-[:ABOUT_VIRUS]->(v:Virus)-[:AFFECTS]->(l:Location {name: 'Mexico'})MATCH (a)-[:MENTIONS_TRANSMISSION]->(t:Transmission)RETURN DISTINCT t.method,1.0,0.7107241564975563,0
Which organizations are involved in publishing articles about Mpox?,"MATCH (a:Article)-[:ABOUT_VIRUS]->(v:Virus {name: 'Mpox'})-[:PUBLISHED_BY]->(o:Organization) RETURN o.name, a.url",MATCH (o:Organization)<-[:PUBLISHED_BY]-(a:Article)-[:ABOUT_VIRUS]->(v:Virus)WHERE v.name = 'Mpox'RETURN o.name,1.0,0.6292821959920049,0
How many articles mention Mpox?,MATCH (a:Article)-[:ABOUT_VIRUS]->(v:Virus {name: 'Mpox'}) RETURN count(a),MATCH (a:Article)-[:MENTIONS_SYMPTOM]->(s:Symptom)WHERE s.name = 'Mpox'RETURN count(a),1.0,0.44534567460430635,0
How many symptoms are associated with each virus?,"MATCH (v:Virus)-[:CAUSES]->(s:Symptom) RETURN v.name, count(s) AS symptom_count",The query does not generate!,0.0,0.0,0
Which virus spreads through 'Animal Transmission'?,MATCH (v:Virus)-[:SPREADS_BY]->(t:Transmission {method: 'Animal Transmission'}) RETURN v.name,MATCH (v:Virus)-[:SPREADS_BY]->(t:Transmission)WHERE t.method = 'Animal Transmission'RETURN v.name,0.0,0.6840382086519224,0
What is the abstract of the article with the URL 'example.com'?,MATCH (a:Article {url: 'example.com'}) RETURN a.abstract,MATCH (a:Article) WHERE a.url = 'example.com' RETURN a.abstract,0.0,0.4192061018624393,0
How many articles are labeled as fact?,MATCH (a:Article {label: 'True'}) RETURN count(a),MATCH (a:Article) WHERE a.label = 'fact' RETURN count(a),1.0,0.44815017360408727,0
Which viruses are mentioned in the dataset?,MATCH (v:Virus) RETURN v.name,MATCH (v:Virus)RETURN v.name,1.0,1.0,0
Which viruses affect multiple locations?,"MATCH (v:Virus)-[:AFFECTS]->(l:Location) WITH v, COUNT(l) AS location_count WHERE location_count > 1 RETURN v.name, location_count",The query does not generate!,0.0,0.0,0
Which viruses are spread by multiple transmission methods?,"MATCH (v:Virus)-[:SPREADS_BY]->(t:Transmission) WITH v, COUNT(t) AS method_count WHERE method_count > 1 RETURN v.name, method_count",The query does not generate!,0.0,0.0,0
Which viruses are involved in more than one article?,"MATCH (v:Virus)<-[:ABOUT_VIRUS]-(a:Article) WITH v, COUNT(a) AS article_count WHERE article_count > 1 RETURN v.name, article_count","MATCH (virus:Virus)<-[:ABOUT_VIRUS]-(article:Article)WITH virus, count(article) as article_countWHERE article_count > 1RETURN virus.name",1.0,0.42658718201993157,0
What is the total number of viruses in the dataset?,MATCH (v:Virus) RETURN COUNT(v) AS virus_count,MATCH (v:Virus)RETURN count(v),1.0,0.49953614375977784,0
Which symptom is most frequently mentioned in articles?,"MATCH (a:Article)-[:MENTIONS_SYMPTOM]->(s:Symptom) RETURN s.name, COUNT(a) AS mention_count ORDER BY mention_count DESC LIMIT 1","MATCH (s:Symptom)<-[:MENTIONS_SYMPTOM]-(:Article)RETURN s.name, COUNT(*)ORDER BY COUNT(*) DESCLIMIT 1",1.0,0.4721945261844689,0
Which viruses cause both 'Fever' and 'Rash'?,"MATCH (v:Virus)-[:CAUSES]->(s:Symptom) WHERE s.name IN ['Fever', 'Rash'] RETURN v.name","MATCH (virus:Virus)-[:CAUSES]->(symptom:Symptom)WHERE symptom.name IN ['Fever', 'Rash']WITH virus, collect(distinct symptom.name) as symptomsWHERE size(symptoms) = 2RETURN virus.name",1.0,0.4083359328428664,0
Which symptoms are related to viruses that affect Mexico?,MATCH (v:Virus)-[:CAUSES]->(s:Symptom) WHERE (v)-[:AFFECTS]->(l:Location {name: 'Mexico'}) RETURN DISTINCT s.name,"MATCH (virus:Virus)-[:AFFECTS]->(location:Location {name: 'Mexico'}),      (virus)-[:CAUSES]->(symptom:Symptom)RETURN symptom.name",1.0,0.621528193575899,0
How many symptoms are mentioned in each article?,"MATCH (a:Article)-[:MENTIONS_SYMPTOM]->(s:Symptom) RETURN a.url, COUNT(s) AS symptom_count",The query does not generate!,0.0,0.0,0
Which viruses cause symptoms related to respiratory issues?,MATCH (s:Symptom) WHERE s.name CONTAINS 'Respiratory' WITH s MATCH (v:Virus)-[:CAUSES]->(s) RETURN v.name,MATCH (virus:Virus)-[:CAUSES]->(symptom:Symptom)WHERE symptom.name CONTAINS 'respiratory'RETURN virus.name,0.0,0.4293949011639416,0
Which locations are mentioned in more than one article?,"MATCH (a:Article)-[:MENTIONS_LOCATION]->(l:Location) WITH l, COUNT(a) AS article_count WHERE article_count > 1 RETURN l.name, article_count",The query does not generate!,0.0,0.0,0
Which viruses affect locations in both North America and Europe?,"MATCH (v:Virus)-[:AFFECTS]->(l:Location) WHERE l.country IN ['United States', 'Mexico', 'Canada', 'United Kingdom', 'France', 'Germany'] RETURN v.name, COUNT(l) AS location_count","MATCH (virus:Virus)-[:AFFECTS]->(location:Location)WHERE location.country IN ['North America', 'Europe']WITH virus, collect(location.name) as affectedLocationsWHERE size(affectedLocations) >= 2RETURN virus.name as Virus, affectedLocations as AffectedLocationsORDER BY size(affectedLocations) DESC, Virus",0.0,0.2626236759226192,0
Which countries have the most virus-related articles?,"MATCH (a:Article)-[:MENTIONS_LOCATION]->(l:Location) RETURN l.country, COUNT(a) AS article_count ORDER BY article_count DESC","MATCH (l:Location)<-[:MENTIONS_LOCATION]-(:Article)RETURN l.name, count(l)ORDER BY count(l) DESC",1.0,0.3986107978863855,0
What are the top 3 locations most frequently affected by viruses?,"MATCH (v:Virus)-[:AFFECTS]->(l:Location) RETURN l.name, COUNT(v) AS virus_count ORDER BY virus_count DESC LIMIT 3","MATCH (virus:Virus)-[:AFFECTS]->(location:Location)RETURN location.name, count(virus) AS frequencyORDER BY frequency DESCLIMIT 3",1.0,0.39880291795522277,0
Which articles mention locations in Asia?,"MATCH (a:Article)-[:MENTIONS_LOCATION]->(l:Location) WHERE l.country IN ['China', 'India', 'Japan'] RETURN a.url","MATCH (a:Article)-[:MENTIONS_LOCATION]->(l:Location)WHERE l.country = 'Asia'RETURN a.url, a.label, l.name",0.0,0.6855805494774985,0
Which transmission method is most common for viruses?,"MATCH (v:Virus)-[:SPREADS_BY]->(t:Transmission) RETURN t.method, COUNT(v) AS virus_count ORDER BY virus_count DESC LIMIT 1","MATCH (virus:Virus)-[:SPREADS_BY]->(transmission:Transmission)RETURN transmission.method, count(virus)ORDER BY count(virus) DESCLIMIT 1",1.0,0.43898072613411987,0
Which viruses are spread by both airborne and droplet transmission?,"MATCH (v:Virus)-[:SPREADS_BY]->(t:Transmission) WHERE t.method IN ['Airborne', 'Droplet'] RETURN v.name","MATCH (virus:Virus)-[:SPREADS_BY]->(transmission1:Transmission), (virus)-[:SPREADS_BY]->(transmission2:Transmission)WHERE transmission1.method = 'airborne' AND transmission2.method = 'droplet'RETURN virus.name",0.0,0.3123853253513901,0
Which articles mention viruses that are spread by direct contact?,MATCH (a:Article)-[:ABOUT_VIRUS]->(v:Virus)-[:SPREADS_BY]->(t:Transmission {method: 'Direct Contact'}) RETURN a.url,"MATCH (a:Article)-[:MENTIONS_TRANSMISSION]->(t:Transmission)<-[:SPREADS_BY]-(v:Virus)WHERE t.method = 'direct contact'RETURN a.url, a.label, v.name",0.0,0.48293752453528854,0
Which transmission methods are mentioned in the most articles?,"MATCH (a:Article)-[:MENTIONS_TRANSMISSION]->(t:Transmission) RETURN t.method, COUNT(a) AS mention_count ORDER BY mention_count DESC","MATCH (a:Article)-[:MENTIONS_TRANSMISSION]->(t:Transmission)RETURN t.method, COUNT(a)ORDER BY COUNT(a) DESC",1.0,0.7580349239129277,0
How many different transmission methods are associated with each virus?,"MATCH (v:Virus)-[:SPREADS_BY]->(t:Transmission) RETURN v.name, COUNT(t) AS method_count",The query does not generate!,0.0,0.0,0
Which organizations are involved in more than one virus?,"MATCH (o:Organization)-[:INVOLVED_IN]->(v:Virus) WITH o, COUNT(v) AS virus_count WHERE virus_count > 1 RETURN o.name, virus_count",The query does not generate!,0.0,0.0,0
Which articles are published by more than one organization?,"MATCH (a:Article)-[:PUBLISHED_BY]->(o:Organization) WITH a, COUNT(o) AS org_count WHERE org_count > 1 RETURN a.url, org_count","MATCH (a:Article)-[:PUBLISHED_BY]->(org)WITH a, count(org) as org_countWHERE org_count > 1RETURN a.url, a.label, org_count",1.0,0.5698194897801551,0
Which organizations are involved in articles about viruses spread by airborne transmission?,MATCH (a:Article)-[:ABOUT_VIRUS]->(v:Virus)-[:SPREADS_BY]->(t:Transmission {method: 'Airborne'})-[:PUBLISHED_BY]->(o:Organization) RETURN o.name,MATCH (o:Organization)<-[:PUBLISHED_BY]-(:Article)-[:ABOUT_VIRUS]->(virus)<-[:SPREADS_BY]->(transmission:Transmission {method: 'airborne'})RETURN o.name,1.0,0.6778952932378224,0
What is the total number of organizations involved in the dataset?,MATCH (o:Organization) RETURN COUNT(o) AS org_count,MATCH (o:Organization)RETURN count(o),1.0,0.49953614375977784,0
Which organizations are involved in viruses affecting both North and South America?,"MATCH (o:Organization)-[:INVOLVED_IN]->(v:Virus)-[:AFFECTS]->(l:Location) WHERE l.country IN ['United States', 'Brazil'] RETURN DISTINCT o.name","MATCH (o:Organization)-[:INVOLVED_IN]->(v:Virus)-[:AFFECTS]->(l:Location)WHERE l.country = 'North America' OR l.country = 'South America'WITH o, collect(DISTINCT l.country) as countriesWHERE size(countries) = 2RETURN o",0.0,0.5665258240340114,0
Which articles are about viruses that spread by both airborne and direct contact?,"MATCH (a:Article)-[:ABOUT_VIRUS]->(v:Virus)-[:SPREADS_BY]->(t:Transmission) WHERE t.method IN ['Airborne', 'Direct Contact'] RETURN a.url","MATCH (virus:Virus)-[:AFFECTS]->(:Location), (virus)-[:SPREADS_BY]->(transmission1:Transmission), (virus)-[:SPREADS_BY]->(transmission2:Transmission),       (article:Article)-[:ABOUT_VIRUS]->(virus),       (article)-[:MENTIONS_TRANSMISSION]->(transmission1), (article)-[:MENTIONS_TRANSMISSION]->(transmission2)WHERE transmission1.method = 'airborne' AND transmission2.method = 'direct contact'RETURN DISTINCT article.url, article.abstract, article.label;",0.0,0.21244300547873513,0
Which articles are related to more than one virus?,"MATCH (a:Article)-[:ABOUT_VIRUS]->(v:Virus) WITH a, COUNT(v) AS virus_count WHERE virus_count > 1 RETURN a.url, virus_count","MATCH (a:Article)-[:ABOUT_VIRUS]->(virus)WITH a, count(virus) as virus_countWHERE virus_count > 1RETURN a",0.0,0.4649434963068279,0
Which articles mention both 'Fever' and 'Rash' as symptoms?,"MATCH (a:Article)-[:MENTIONS_SYMPTOM]->(s:Symptom) WHERE s.name IN ['Fever', 'Rash'] RETURN a.url","MATCH (a:Article)-[:MENTIONS_SYMPTOM]->(s1:Symptom {name: 'Fever'}),      (a)-[:MENTIONS_SYMPTOM]->(s2:Symptom {name: 'Rash'})RETURN a",1.0,0.35062648944074826,0
Which articles are published by more than one organization?,"MATCH (a:Article)-[:PUBLISHED_BY]->(o:Organization) WITH a, COUNT(o) AS org_count WHERE org_count > 1 RETURN a.url, org_count","MATCH (a:Article)-[:PUBLISHED_BY]->(org)WITH a, count(org) as org_countWHERE org_count > 1RETURN a.url, a.label, org_count",1.0,0.5698194897801551,0
Which articles mention both Mexico and the United States?,"MATCH (a:Article)-[:MENTIONS_LOCATION]->(l:Location) WHERE l.country IN ['Mexico', 'United States'] RETURN DISTINCT a.url",MATCH (a:Article)-[:MENTIONS_LOCATION]->(l1:Location) WHERE l1.name = 'Mexico'MATCH (a)-[:MENTIONS_LOCATION]->(l2:Location) WHERE l2.name = 'United States'RETURN a,0.0,0.3636043693453636,0
Which organizations publish articles about Mpox in Mexico?,"MATCH (a:Article)-[:ABOUT_VIRUS]->(v:Virus {name: 'Mpox'})-[:PUBLISHED_BY]->(o:Organization) WHERE (a)-[:MENTIONS_LOCATION]->(l:Location {name: 'Mexico'}) RETURN o.name, a.url","MATCH (o:Organization)<-[:PUBLISHED_BY]-(a:Article)-[:ABOUT_VIRUS]->(v:Virus)-[:AFFECTS]->(l:Location)WHERE o.name = '?' AND l.name = 'Mexico' AND v.name = 'Mpox'RETURN o.name, collect(a.url) AS article_urls",0.0,0.5094963114339176,0
Which viruses cause symptoms related to respiratory and cardiovascular issues?,MATCH (s:Symptom) WHERE s.name CONTAINS 'Respiratory' OR s.name CONTAINS 'Cardiovascular' WITH s MATCH (v:Virus)-[:CAUSES]->(s) RETURN v.name,The query does not generate!,0.0,0.0,0
Which transmission methods are mentioned in articles about viruses affecting both Mexico and the United States?,"MATCH (a:Article)-[:ABOUT_VIRUS]->(v:Virus)-[:MENTIONS_TRANSMISSION]->(t:Transmission) WHERE (a)-[:MENTIONS_LOCATION]->(l:Location) AND l.country IN ['Mexico', 'United States'] RETURN t.method, COUNT(a)","MATCH (virus:Virus)-[:AFFECTS]->(location:Location)WHERE location.name IN ['Mexico', 'United States']MATCH (article:Article)-[:ABOUT_VIRUS]->(virus)MATCH (article)-[:MENTIONS_TRANSMISSION]->(transmission:Transmission)RETURN DISTINCT transmission.method",1.0,0.5403392609812303,0
Which symptoms are caused by viruses that are spread by airborne and droplet transmission?,"MATCH (v:Virus)-[:CAUSES]->(s:Symptom) WHERE (v)-[:SPREADS_BY]->(t:Transmission) AND t.method IN ['Airborne', 'Droplet'] RETURN s.name",MATCH (virus:Virus)-[:CAUSES]->(symptom:Symptom)WHERE (virus)-[:SPREADS_BY]->(:Transmission {method: 'airborne'})OR (virus)-[:SPREADS_BY]->(:Transmission {method: 'droplet'})RETURN symptom.name,1.0,0.386959342318184,0
Which organizations publish articles about viruses affecting both Mexico and Brazil?,"MATCH (a:Article)-[:ABOUT_VIRUS]->(v:Virus)-[:PUBLISHED_BY]->(o:Organization) WHERE (a)-[:MENTIONS_LOCATION]->(l:Location) AND l.country IN ['Mexico', 'Brazil'] RETURN DISTINCT o.name, a.url",The query does not generate!,0.0,0.0,0
Which viruses cause the most symptoms?,"MATCH (v:Virus)-[:CAUSES]->(s:Symptom) RETURN v.name, COUNT(s) AS symptom_count ORDER BY symptom_count DESC LIMIT 1",The query does not generate!,0.0,0.0,0
Which viruses affect the most countries?,"MATCH (v:Virus)-[:AFFECTS]->(l:Location) RETURN v.name, COUNT(DISTINCT l.country) AS country_count ORDER BY country_count DESC LIMIT 1",The query does not generate!,0.0,0.0,0
Which organizations are involved in the most viruses?,"MATCH (o:Organization)-[:INVOLVED_IN]->(v:Virus) RETURN o.name, COUNT(v) AS virus_count ORDER BY virus_count DESC LIMIT 1",,0.0,0.0,0
Which articles mention viruses affecting more than one continent?,"MATCH (a:Article)-[:MENTIONS_LOCATION]->(l:Location) WITH a, COUNT(DISTINCT l.country) AS location_count WHERE location_count > 1 RETURN a.url",,0.0,0.0,0
Which viruses are transmitted via multiple methods in more than one location?,"MATCH (v:Virus)-[:SPREADS_BY]->(t:Transmission), (v)-[:AFFECTS]->(l:Location) WITH v, COUNT(DISTINCT t) AS method_count, COUNT(DISTINCT l) AS location_count WHERE method_count > 1 AND location_count > 1 RETURN v.name","MATCH (virus:Virus)-[:SPREADS_BY]->(transmission:Transmission)WITH virus, collect(distinct transmission) as transmissionsMATCH (virus)-[:AFFECTS]->(location:Location)WITH virus, transmissions, collect(distinct location) as locationsWHERE size(transmissions) > 1 AND size(locations) > 1RETURN virus.name",1.0,0.36867160421367484,0
Which symptoms are associated with viruses transmitted by direct contact?,MATCH (v:Virus)-[:SPREADS_BY]->(t:Transmission {method: 'Direct Contact'})-[:CAUSES]->(s:Symptom) RETURN DISTINCT s.name,The query does not generate!,0.0,0.0,0
What articles mention symptoms related to 'Cardiovascular' issues?,MATCH (a:Article)-[:MENTIONS_SYMPTOM]->(s:Symptom) WHERE s.name CONTAINS 'Cardiovascular' RETURN a.url,"MATCH (a:Article)-[:MENTIONS_SYMPTOM]->(s:Symptom)WHERE s.name CONTAINS 'Cardiovascular'RETURN a.url, a.label, s.name",0.0,0.7017437105337435,0
What viruses are transmitted via both 'Direct Contact' and 'Airborne' methods?,"MATCH (v:Virus)-[:SPREADS_BY]->(t:Transmission) WHERE t.method IN ['Direct Contact', 'Airborne'] RETURN DISTINCT v.name","MATCH (v:Virus)-[:SPREADS_BY]->(t:Transmission)WHERE t.method IN ['Direct Contact', 'Airborne']WITH v, collect(DISTINCT t.method) as methodsWHERE size(methods) = 2RETURN v.name",0.0,0.6168640006708085,0
Which organizations publish articles about viruses affecting Europe?,"MATCH (a:Article)-[:MENTIONS_LOCATION]->(l:Location) WHERE l.country IN ['United Kingdom', 'France', 'Germany']-[:PUBLISHED_BY]->(o:Organization) RETURN DISTINCT o.name, a.url",MATCH (o:Organization)<-[:PUBLISHED_BY]-(a:Article)-[:ABOUT_VIRUS]->(v:Virus)-[:AFFECTS]->(l:Location {country: 'Europe'})RETURN o.name,0.0,0.4813883609087015,0
Which viruses cause both respiratory and gastrointestinal symptoms?,MATCH (v:Virus)-[:CAUSES]->(s:Symptom) WHERE s.name CONTAINS 'Respiratory' OR s.name CONTAINS 'Gastrointestinal' RETURN DISTINCT v.name,The query does not generate!,0.0,0.0,0
Which articles mention both respiratory and cardiovascular symptoms?,MATCH (a:Article)-[:MENTIONS_SYMPTOM]->(s:Symptom) WHERE s.name CONTAINS 'Respiratory' OR s.name CONTAINS 'Cardiovascular' RETURN a.url,"MATCH (a:Article)-[:MENTIONS_SYMPTOM]->(s1:Symptom {name: 'respiratory'}), (a)-[:MENTIONS_SYMPTOM]->(s2:Symptom {name: 'cardiovascular'})RETURN a",0.0,0.336849371540157,0
Which organizations are involved in publishing articles about viruses affecting Asia?,"MATCH (a:Article)-[:MENTIONS_LOCATION]->(l:Location) WHERE l.country IN ['China', 'India', 'Japan']-[:PUBLISHED_BY]->(o:Organization) RETURN DISTINCT o.name, a.url",MATCH (o:Organization)<-[:PUBLISHED_BY]-(:Article)-[:ABOUT_VIRUS]->(v:Virus)-[:AFFECTS]->(l:Location {country: 'Asia'})RETURN o.name,0.0,0.4539622704002589,0
Which articles mention viruses transmitted by both animals and direct contact?,"MATCH (a:Article)-[:ABOUT_VIRUS]->(v:Virus)-[:SPREADS_BY]->(t:Transmission) WHERE t.method IN ['Animal', 'Direct Contact'] RETURN DISTINCT a.url",The query does not generate!,0.0,0.0,0
Which symptoms are most commonly mentioned in articles about viruses affecting the United States?,"MATCH (a:Article)-[:MENTIONS_SYMPTOM]->(s:Symptom)-[:MENTIONS_LOCATION]->(l:Location {country: 'United States'}) RETURN s.name, COUNT(a) AS mention_count ORDER BY mention_count DESC LIMIT 1",The query does not generate!,0.0,0.0,0
Which articles mention viruses affecting both North America and Asia?,"MATCH (a:Article)-[:MENTIONS_LOCATION]->(l:Location) WHERE l.country IN ['United States', 'China'] RETURN DISTINCT a.url","MATCH (a:Article)-[:MENTIONS_LOCATION]->(l:Location)WHERE (l.name CONTAINS ""North America"" AND l.name CONTAINS ""Asia"")AND (a)-[:ABOUT_VIRUS]->(:Virus)-[:AFFECTS]->(l)RETURN DISTINCT a.url, a.label, a.abstract",0.0,0.3118401939536704,0
Which transmission methods are mentioned in articles about viruses causing respiratory symptoms?,MATCH (a:Article)-[:ABOUT_VIRUS]->(v:Virus)-[:SPREADS_BY]->(t:Transmission)-[:MENTIONS_SYMPTOM]->(s:Symptom {name: 'Respiratory'}) RETURN t.method,MATCH (virus:Virus)-[:CAUSES]->(symptom:Symptom)<-[:MENTIONS_SYMPTOM]-(article:Article)-[:MENTIONS_TRANSMISSION]->(transmission:Transmission)WHERE symptom.name = 'respiratory'RETURN DISTINCT transmission.method,0.0,0.4160057804515134,0
Which organizations are involved in viruses affecting multiple continents?,"MATCH (o:Organization)-[:INVOLVED_IN]->(v:Virus)-[:AFFECTS]->(l:Location) WITH o, COUNT(DISTINCT l.country) AS continent_count WHERE continent_count > 1 RETURN o.name, continent_count",The query does not generate!,0.0,0.0,0
What symptoms are mentioned in articles published by WHO?,"MATCH (a:Article)-[:PUBLISHED_BY]->(o:Organization {name: 'WHO'})-[:MENTIONS_SYMPTOM]->(s:Symptom) RETURN s.name, COUNT(a) AS mention_count ORDER BY mention_count DESC",MATCH (:Organization {name: 'WHO'})-[:PUBLISHED_BY]->(:Article)-[:MENTIONS_SYMPTOM]->(symptom)RETURN symptom.name,0.0,0.49005677617768967,0
Which transmission methods are associated with articles mentioning cardiovascular symptoms?,MATCH (a:Article)-[:MENTIONS_SYMPTOM]->(s:Symptom {name: 'Cardiovascular'})-[:ABOUT_VIRUS]->(v:Virus)-[:SPREADS_BY]->(t:Transmission) RETURN t.method,MATCH (a:Article)-[:MENTIONS_SYMPTOM]->(s:Symptom {name: 'cardiovascular'})<-[:CAUSES]-(v:Virus)-[:SPREADS_BY]->(t:Transmission)RETURN DISTINCT t.method,0.0,0.7766414612308141,0
Which viruses are mentioned in articles labeled as true?,MATCH (a:Article {label: 'True'})-[:ABOUT_VIRUS]->(v:Virus) RETURN DISTINCT v.name,MATCH (a:Article)-[:ABOUT_VIRUS]->(v:Virus) WHERE a.label = 'true' RETURN v.name,1.0,0.6521935182685753,0
Which viruses are mentioned in articles labeled as fake?,MATCH (a:Article {label: 'Fake'})-[:ABOUT_VIRUS]->(v:Virus) RETURN DISTINCT v.name,MATCH (v:Virus)<-[:ABOUT_VIRUS]-(a:Article)-[:PUBLISHED_BY]->(org:Organization)WHERE a.label = 'fake'RETURN v.name,0.0,0.3989099943658873,0
What are the most common symptoms mentioned in articles about viruses affecting Europe?,"MATCH (a:Article)-[:MENTIONS_SYMPTOM]->(s:Symptom)-[:MENTIONS_LOCATION]->(l:Location) WHERE l.country IN ['United Kingdom', 'France', 'Germany'] RETURN s.name, COUNT(a) AS mention_count ORDER BY mention_count DESC LIMIT 5","MATCH (:Location {country: 'Europe'})-[:AFFECTS]->(:Virus)<-[:ABOUT_VIRUS]-(:Article)-[:MENTIONS_SYMPTOM]->(symptom)RETURN symptom.name, COUNT(symptom)ORDER BY COUNT(symptom) DESC;",0.0,0.3386569201359409,0
What viruses are mentioned in articles labeled as fact?,MATCH (a:Article {label: 'True'})-[:ABOUT_VIRUS]->(v:Virus) RETURN v.name,MATCH (a:Article)-[:ABOUT_VIRUS]->(v:Virus)WHERE a.label = 'fact'RETURN DISTINCT v.name,0.0,0.6455714066623376,0
Which viruses affect both Mexico and the United Kingdom?,"MATCH (v:Virus)-[:AFFECTS]->(l:Location) WHERE l.country IN ['Mexico', 'United Kingdom'] RETURN DISTINCT v.name",The query does not generate!,0.0,0.0,0
Which organizations are involved in viruses that affect multiple countries?,"MATCH (o:Organization)-[:INVOLVED_IN]->(v:Virus)-[:AFFECTS]->(l:Location) WITH o, COUNT(DISTINCT l.country) AS country_count WHERE country_count > 1 RETURN o.name, country_count","MATCH (o:Organization)-[:INVOLVED_IN]->(v:Virus)-[:AFFECTS]->(location:Location)WITH o, v, collect(location.country) as countryListWHERE size(countryList) > 1RETURN o.name",1.0,0.5850648564403098,0
Which viruses affect both Africa and Asia?,"MATCH (v:Virus)-[:AFFECTS]->(l:Location) WHERE l.country IN ['Nigeria', 'South Africa', 'China', 'India'] RETURN DISTINCT v.name","MATCH (v:Virus)-[:AFFECTS]->(l:Location)WHERE l.country IN ['Africa', 'Asia']WITH v, collect(DISTINCT l.country) AS affectedCountriesWHERE size(affectedCountries) = 2RETURN v.name AS VirusName, affectedCountries AS AffectedCountries",0.0,0.46612281846119163,0
Which viruses cause both neurological and gastrointestinal symptoms?,MATCH (v:Virus)-[:CAUSES]->(s:Symptom) WHERE s.name CONTAINS 'Neurological' OR s.name CONTAINS 'Gastrointestinal' RETURN DISTINCT v.name,"MATCH (virus:Virus)-[:CAUSES]->(symptom:Symptom)WHERE symptom.name = 'neurological' OR symptom.name = 'gastrointestinal'WITH virus, collect(distinct symptom.name) as symptomsWHERE 'neurological' in symptoms AND 'gastrointestinal' in symptomsRETURN virus.name",0.0,0.28647020903547543,0
Which articles mention viruses that affect both Brazil and the United States?,"MATCH (a:Article)-[:MENTIONS_LOCATION]->(l:Location) WHERE l.country IN ['Brazil', 'United States'] RETURN DISTINCT a.url",,0.0,0.0,0
Which viruses are responsible for fever and rash symptoms in Mexico?,"MATCH (v:Virus)-[:CAUSES]->(s:Symptom), (v)-[:AFFECTS]->(l:Location {name: 'Mexico'}) WHERE s.name IN ['Fever', 'Rash'] RETURN DISTINCT v.name","MATCH (v:Virus)-[:CAUSES]->(s:Symptom) WHERE s.name IN ['fever', 'rash']MATCH (v)-[:AFFECTS]->(l:Location) WHERE l.name = 'Mexico'RETURN v.name",1.0,0.6926279080881457,0
Which viruses cause symptoms related to skin issues?,MATCH (v:Virus)-[:CAUSES]->(s:Symptom) WHERE s.name CONTAINS 'Skin' RETURN DISTINCT v.name,MATCH (virus:Virus)-[:CAUSES]->(symptom:Symptom)WHERE symptom.name CONTAINS 'skin'RETURN virus.name,0.0,0.5167515490484926,0
Which viruses are spread by airborne transmission and cause respiratory symptoms?,MATCH (v:Virus)-[:SPREADS_BY]->(t:Transmission {method: 'Airborne'})-[:CAUSES]->(s:Symptom {name: 'Respiratory'}) RETURN DISTINCT v.name,,0.0,0.0,0
Which organizations are involved in viruses affecting both Africa and South America?,"MATCH (o:Organization)-[:INVOLVED_IN]->(v:Virus)-[:AFFECTS]->(l:Location) WHERE l.country IN ['Nigeria', 'Brazil'] RETURN DISTINCT o.name",The query does not generate!,0.0,0.0,0
